,datestamp,co2
0,1958-03-29,316.1
1,1958-04-05,317.3
2,1958-04-12,317.6
3,1958-04-19,317.5
4,1958-04-26,316.4
5,1958-05-03,316.9
6,1958-05-10,
7,1958-05-17,317.5
8,1958-05-24,317.9
9,1958-05-31,
10,1958-06-07,
11,1958-06-14,
12,1958-06-21,
13,1958-06-28,
14,1958-07-05,315.8
15,1958-07-12,315.8
16,1958-07-19,315.4
17,1958-07-26,315.5
18,1958-08-02,315.6
19,1958-08-09,315.1
20,1958-08-16,315.0
21,1958-08-23,
22,1958-08-30,314.1
23,1958-09-06,313.5
24,1958-09-13,
25,1958-09-20,
26,1958-09-27,
27,1958-10-04,
28,1958-10-11,
29,1958-10-18,
30,1958-10-25,
31,1958-11-01,
32,1958-11-08,313.0
33,1958-11-15,313.2
34,1958-11-22,313.5
35,1958-11-29,314.0
36,1958-12-06,314.5
37,1958-12-13,314.4
38,1958-12-20,314.7
39,1958-12-27,315.2
40,1959-01-03,315.2
41,1959-01-10,315.5
42,1959-01-17,315.6
43,1959-01-24,315.8
44,1959-01-31,315.4
45,1959-02-07,
46,1959-02-14,316.9
47,1959-02-21,316.6
48,1959-02-28,316.6
49,1959-03-07,316.8
50,1959-03-14,
51,1959-03-21,316.7
52,1959-03-28,316.7
53,1959-04-04,317.7
54,1959-04-11,317.1
55,1959-04-18,317.6
56,1959-04-25,318.3
57,1959-05-02,318.2
58,1959-05-09,318.7
59,1959-05-16,318.0
60,1959-05-23,318.4
61,1959-05-30,
62,1959-06-06,318.5
63,1959-06-13,318.1
64,1959-06-20,317.8
65,1959-06-27,317.7
66,1959-07-04,316.8
67,1959-07-11,316.8
68,1959-07-18,316.4
69,1959-07-25,316.1
70,1959-08-01,315.6
71,1959-08-08,314.9
72,1959-08-15,
73,1959-08-22,315.0
74,1959-08-29,314.1
75,1959-09-05,314.4
76,1959-09-12,313.9
77,1959-09-19,313.5
78,1959-09-26,313.5
79,1959-10-03,313.0
80,1959-10-10,313.1
81,1959-10-17,313.4
82,1959-10-24,313.4
83,1959-10-31,314.1
84,1959-11-07,314.4
85,1959-11-14,314.8
86,1959-11-21,315.2
87,1959-11-28,315.1
88,1959-12-05,315.0
89,1959-12-12,315.6
90,1959-12-19,315.8
91,1959-12-26,315.7
92,1960-01-02,315.7
93,1960-01-09,316.4
94,1960-01-16,316.7
95,1960-01-23,316.5
96,1960-01-30,316.6
97,1960-02-06,316.6
98,1960-02-13,316.9
99,1960-02-20,317.4
100,1960-02-27,317.0
101,1960-03-05,316.9
102,1960-03-12,317.7
103,1960-03-19,318.0
104,1960-03-26,317.7
105,1960-04-02,318.6
106,1960-04-09,319.3
107,1960-04-16,319.0
108,1960-04-23,319.0
109,1960-04-30,319.7
110,1960-05-07,319.9
111,1960-05-14,319.8
112,1960-05-21,320.0
113,1960-05-28,320.0
114,1960-06-04,319.4
115,1960-06-11,320.0
116,1960-06-18,319.4
117,1960-06-25,319.0
118,1960-07-02,318.1
119,1960-07-09,318.6
120,1960-07-16,318.4
121,1960-07-23,317.9
122,1960-07-30,317.3
123,1960-08-06,316.6
124,1960-08-13,316.7
125,1960-08-20,315.1
126,1960-08-27,314.7
127,1960-09-03,314.7
128,1960-09-10,314.5
129,1960-09-17,314.2
130,1960-09-24,313.3
131,1960-10-01,313.6
132,1960-10-08,313.3
133,1960-10-15,313.9
134,1960-10-22,314.2
135,1960-10-29,314.2
136,1960-11-05,314.5
137,1960-11-12,315.1
138,1960-11-19,315.1
139,1960-11-26,315.4
140,1960-12-03,315.8
141,1960-12-10,316.0
142,1960-12-17,316.2
143,1960-12-24,316.4
144,1960-12-31,316.6
145,1961-01-07,316.7
146,1961-01-14,317.0
147,1961-01-21,317.0
148,1961-01-28,317.0
149,1961-02-04,317.0
150,1961-02-11,317.7
151,1961-02-18,317.9
152,1961-02-25,318.0
153,1961-03-04,318.0
154,1961-03-11,318.5
155,1961-03-18,318.9
156,1961-03-25,318.7
157,1961-04-01,319.4
158,1961-04-08,319.5
159,1961-04-15,318.9
160,1961-04-22,319.7
161,1961-04-29,319.6
162,1961-05-06,320.6
163,1961-05-13,320.4
164,1961-05-20,320.6
165,1961-05-27,320.3
166,1961-06-03,320.0
167,1961-06-10,320.0
168,1961-06-17,319.6
169,1961-06-24,319.4
170,1961-07-01,319.2
171,1961-07-08,319.0
172,1961-07-15,318.4
173,1961-07-22,317.1
174,1961-07-29,317.9
175,1961-08-05,317.9
176,1961-08-12,317.3
177,1961-08-19,316.7
178,1961-08-26,315.2
179,1961-09-02,315.2
180,1961-09-09,314.9
181,1961-09-16,314.5
182,1961-09-23,315.0
183,1961-09-30,315.6
184,1961-10-07,314.9
185,1961-10-14,315.4
186,1961-10-21,315.4
187,1961-10-28,315.7
188,1961-11-04,315.8
189,1961-11-11,315.7
190,1961-11-18,316.2
191,1961-11-25,316.5
192,1961-12-02,316.5
193,1961-12-09,317.0
194,1961-12-16,316.9
195,1961-12-23,317.1
196,1961-12-30,317.4
197,1962-01-06,317.9
198,1962-01-13,318.1
199,1962-01-20,318.0
200,1962-01-27,317.7
201,1962-02-03,318.0
202,1962-02-10,318.3
203,1962-02-17,318.9
204,1962-02-24,319.3
205,1962-03-03,319.2
206,1962-03-10,319.4
207,1962-03-17,319.9
208,1962-03-24,319.7
209,1962-03-31,320.2
210,1962-04-07,320.2
211,1962-04-14,321.0
212,1962-04-21,320.7
213,1962-04-28,320.3
214,1962-05-05,320.8
215,1962-05-12,320.7
216,1962-05-19,321.0
217,1962-05-26,321.1
218,1962-06-02,320.9
219,1962-06-09,320.8
220,1962-06-16,320.5
221,1962-06-23,320.1
222,1962-06-30,320.2
223,1962-07-07,320.1
224,1962-07-14,319.9
225,1962-07-21,319.0
226,1962-07-28,318.7
227,1962-08-04,318.6
228,1962-08-11,317.2
229,1962-08-18,317.4
230,1962-08-25,
231,1962-09-01,
232,1962-09-08,
233,1962-09-15,316.6
234,1962-09-22,315.7
235,1962-09-29,315.9
236,1962-10-06,315.1
237,1962-10-13,315.4
238,1962-10-20,315.7
239,1962-10-27,315.7
240,1962-11-03,315.9
241,1962-11-10,316.4
242,1962-11-17,316.9
243,1962-11-24,317.0
244,1962-12-01,317.1
245,1962-12-08,317.3
246,1962-12-15,317.6
247,1962-12-22,318.1
248,1962-12-29,
249,1963-01-05,318.5
250,1963-01-12,318.7
251,1963-01-19,318.9
252,1963-01-26,318.8
253,1963-02-02,318.7
254,1963-02-09,318.9
255,1963-02-16,
256,1963-02-23,319.3
257,1963-03-02,319.3
258,1963-03-09,319.7
259,1963-03-16,319.8
260,1963-03-23,320.3
261,1963-03-30,320.2
262,1963-04-06,320.3
263,1963-04-13,320.9
264,1963-04-20,322.0
265,1963-04-27,321.9
266,1963-05-04,
267,1963-05-11,321.9
268,1963-05-18,322.2
269,1963-05-25,322.2
270,1963-06-01,322.3
271,1963-06-08,322.0
272,1963-06-15,321.8
273,1963-06-22,320.8
274,1963-06-29,320.4
275,1963-07-06,320.1
276,1963-07-13,319.8
277,1963-07-20,319.5
278,1963-07-27,319.0
279,1963-08-03,318.6
280,1963-08-10,318.2
281,1963-08-17,317.7
282,1963-08-24,317.1
283,1963-08-31,316.4
284,1963-09-07,316.8
285,1963-09-14,315.9
286,1963-09-21,316.0
287,1963-09-28,315.9
288,1963-10-05,316.2
289,1963-10-12,315.6
290,1963-10-19,316.1
291,1963-10-26,316.3
292,1963-11-02,316.6
293,1963-11-09,316.8
294,1963-11-16,317.1
295,1963-11-23,
296,1963-11-30,317.5
297,1963-12-07,318.0
298,1963-12-14,318.2
299,1963-12-21,318.5
300,1963-12-28,318.7
301,1964-01-04,319.0
302,1964-01-11,319.4
303,1964-01-18,319.8
304,1964-01-25,
305,1964-02-01,
306,1964-02-08,
307,1964-02-15,
308,1964-02-22,
309,1964-02-29,
310,1964-03-07,
311,1964-03-14,
312,1964-03-21,
313,1964-03-28,
314,1964-04-04,
315,1964-04-11,
316,1964-04-18,
317,1964-04-25,
318,1964-05-02,
319,1964-05-09,
320,1964-05-16,
321,1964-05-23,
322,1964-05-30,322.0
323,1964-06-06,322.0
324,1964-06-13,
325,1964-06-20,
326,1964-06-27,321.5
327,1964-07-04,321.1
328,1964-07-11,319.9
329,1964-07-18,320.2
330,1964-07-25,320.0
331,1964-08-01,319.1
332,1964-08-08,
333,1964-08-15,318.6
334,1964-08-22,318.2
335,1964-08-29,318.1
336,1964-09-05,317.4
337,1964-09-12,316.5
338,1964-09-19,315.5
339,1964-09-26,317.0
340,1964-10-03,316.9
341,1964-10-10,316.5
342,1964-10-17,316.8
343,1964-10-24,317.0
344,1964-10-31,317.6
345,1964-11-07,317.7
346,1964-11-14,317.6
347,1964-11-21,317.5
348,1964-11-28,318.1
349,1964-12-05,318.4
350,1964-12-12,318.5
351,1964-12-19,318.9
352,1964-12-26,318.9
353,1965-01-02,319.0
354,1965-01-09,319.1
355,1965-01-16,319.1
356,1965-01-23,319.7
357,1965-01-30,320.1
358,1965-02-06,320.2
359,1965-02-13,320.1
360,1965-02-20,320.7
361,1965-02-27,320.8
362,1965-03-06,321.0
363,1965-03-13,320.9
364,1965-03-20,320.4
365,1965-03-27,321.4
366,1965-04-03,321.9
367,1965-04-10,322.2
368,1965-04-17,322.1
369,1965-04-24,321.8
370,1965-05-01,322.4
371,1965-05-08,322.2
372,1965-05-15,321.9
373,1965-05-22,321.6
374,1965-05-29,322.2
375,1965-06-05,321.8
376,1965-06-12,321.7
377,1965-06-19,321.7
378,1965-06-26,321.9
379,1965-07-03,321.9
380,1965-07-10,321.8
381,1965-07-17,321.7
382,1965-07-24,320.4
383,1965-07-31,319.4
384,1965-08-07,319.4
385,1965-08-14,318.0
386,1965-08-21,318.8
387,1965-08-28,318.7
388,1965-09-04,318.3
389,1965-09-11,318.0
390,1965-09-18,318.2
391,1965-09-25,316.8
392,1965-10-02,316.6
393,1965-10-09,317.2
394,1965-10-16,317.8
395,1965-10-23,317.5
396,1965-10-30,317.6
397,1965-11-06,318.3
398,1965-11-13,319.2
399,1965-11-20,318.9
400,1965-11-27,319.1
401,1965-12-04,319.0
402,1965-12-11,319.3
403,1965-12-18,319.3
404,1965-12-25,319.7
405,1966-01-01,319.6
406,1966-01-08,320.4
407,1966-01-15,320.6
408,1966-01-22,321.0
409,1966-01-29,321.1
410,1966-02-05,321.2
411,1966-02-12,321.7
412,1966-02-19,321.6
413,1966-02-26,321.8
414,1966-03-05,322.1
415,1966-03-12,322.1
416,1966-03-19,322.5
417,1966-03-26,322.8
418,1966-04-02,323.5
419,1966-04-09,323.6
420,1966-04-16,323.8
421,1966-04-23,323.9
422,1966-04-30,323.5
423,1966-05-07,324.0
424,1966-05-14,324.1
425,1966-05-21,323.7
426,1966-05-28,324.3
427,1966-06-04,324.0
428,1966-06-11,323.8
429,1966-06-18,323.7
430,1966-06-25,323.3
431,1966-07-02,322.8
432,1966-07-09,322.9
433,1966-07-16,
434,1966-07-23,
435,1966-07-30,
436,1966-08-06,321.3
437,1966-08-13,320.8
438,1966-08-20,319.1
439,1966-08-27,319.6
440,1966-09-03,319.9
441,1966-09-10,318.2
442,1966-09-17,318.4
443,1966-09-24,318.3
444,1966-10-01,317.9
445,1966-10-08,317.9
446,1966-10-15,318.2
447,1966-10-22,318.6
448,1966-10-29,318.3
449,1966-11-05,
450,1966-11-12,319.5
451,1966-11-19,320.0
452,1966-11-26,320.2
453,1966-12-03,320.8
454,1966-12-10,320.8
455,1966-12-17,321.1
456,1966-12-24,321.3
457,1966-12-31,321.3
458,1967-01-07,321.9
459,1967-01-14,322.9
460,1967-01-21,
461,1967-01-28,
462,1967-02-04,322.1
463,1967-02-11,322.2
464,1967-02-18,322.8
465,1967-02-25,322.6
466,1967-03-04,322.9
467,1967-03-11,322.6
468,1967-03-18,323.3
469,1967-03-25,323.2
470,1967-04-01,323.1
471,1967-04-08,324.2
472,1967-04-15,324.4
473,1967-04-22,324.6
474,1967-04-29,325.1
475,1967-05-06,325.2
476,1967-05-13,324.7
477,1967-05-20,325.0
478,1967-05-27,324.9
479,1967-06-03,324.9
480,1967-06-10,324.6
481,1967-06-17,323.3
482,1967-06-24,323.5
483,1967-07-01,322.8
484,1967-07-08,322.8
485,1967-07-15,322.4
486,1967-07-22,322.4
487,1967-07-29,322.0
488,1967-08-05,321.6
489,1967-08-12,321.4
490,1967-08-19,320.4
491,1967-08-26,320.0
492,1967-09-02,320.0
493,1967-09-09,319.4
494,1967-09-16,319.3
495,1967-09-23,319.0
496,1967-09-30,318.8
497,1967-10-07,318.8
498,1967-10-14,319.8
499,1967-10-21,319.4
500,1967-10-28,319.8
501,1967-11-04,320.0
502,1967-11-11,320.3
503,1967-11-18,320.9
504,1967-11-25,321.5
505,1967-12-02,321.4
506,1967-12-09,321.8
507,1967-12-16,322.2
508,1967-12-23,321.9
509,1967-12-30,322.3
510,1968-01-06,322.4
511,1968-01-13,322.5
512,1968-01-20,322.5
513,1968-01-27,322.8
514,1968-02-03,322.6
515,1968-02-10,323.1
516,1968-02-17,323.4
517,1968-02-24,323.1
518,1968-03-02,323.1
519,1968-03-09,323.8
520,1968-03-16,323.8
521,1968-03-23,324.2
522,1968-03-30,324.7
523,1968-04-06,324.7
524,1968-04-13,325.0
525,1968-04-20,324.8
526,1968-04-27,325.4
527,1968-05-04,325.6
528,1968-05-11,325.0
529,1968-05-18,325.5
530,1968-05-25,325.8
531,1968-06-01,325.6
532,1968-06-08,325.7
533,1968-06-15,325.5
534,1968-06-22,324.9
535,1968-06-29,324.6
536,1968-07-06,324.7
537,1968-07-13,324.1
538,1968-07-20,323.9
539,1968-07-27,323.4
540,1968-08-03,322.4
541,1968-08-10,322.2
542,1968-08-17,322.0
543,1968-08-24,321.7
544,1968-08-31,321.4
545,1968-09-07,320.4
546,1968-09-14,321.1
547,1968-09-21,319.7
548,1968-09-28,319.8
549,1968-10-05,320.5
550,1968-10-12,320.5
551,1968-10-19,320.2
552,1968-10-26,319.9
553,1968-11-02,320.7
554,1968-11-09,320.8
555,1968-11-16,321.4
556,1968-11-23,321.7
557,1968-11-30,322.0
558,1968-12-07,322.4
559,1968-12-14,322.9
560,1968-12-21,323.3
561,1968-12-28,323.1
562,1969-01-04,323.3
563,1969-01-11,324.0
564,1969-01-18,324.3
565,1969-01-25,324.1
566,1969-02-01,324.1
567,1969-02-08,323.9
568,1969-02-15,324.3
569,1969-02-22,324.8
570,1969-03-01,325.1
571,1969-03-08,325.5
572,1969-03-15,325.7
573,1969-03-22,325.9
574,1969-03-29,325.8
575,1969-04-05,326.2
576,1969-04-12,327.1
577,1969-04-19,326.5
578,1969-04-26,326.5
579,1969-05-03,327.5
580,1969-05-10,327.8
581,1969-05-17,326.8
582,1969-05-24,326.9
583,1969-05-31,327.4
584,1969-06-07,326.5
585,1969-06-14,326.7
586,1969-06-21,326.7
587,1969-06-28,326.3
588,1969-07-05,326.1
589,1969-07-12,326.0
590,1969-07-19,325.7
591,1969-07-26,325.4
592,1969-08-02,324.5
593,1969-08-09,324.5
594,1969-08-16,323.1
595,1969-08-23,322.5
596,1969-08-30,323.1
597,1969-09-06,322.2
598,1969-09-13,322.7
599,1969-09-20,322.8
600,1969-09-27,321.9
601,1969-10-04,321.5
602,1969-10-11,321.8
603,1969-10-18,322.0
604,1969-10-25,321.9
605,1969-11-01,322.2
606,1969-11-08,322.6
607,1969-11-15,322.7
608,1969-11-22,323.1
609,1969-11-29,323.5
610,1969-12-06,323.9
611,1969-12-13,323.9
612,1969-12-20,324.2
613,1969-12-27,324.5
614,1970-01-03,324.7
615,1970-01-10,325.4
616,1970-01-17,325.0
617,1970-01-24,324.8
618,1970-01-31,325.5
619,1970-02-07,325.7
620,1970-02-14,326.0
621,1970-02-21,326.3
622,1970-02-28,326.1
623,1970-03-07,326.8
624,1970-03-14,326.8
625,1970-03-21,327.5
626,1970-03-28,326.9
627,1970-04-04,328.2
628,1970-04-11,327.8
629,1970-04-18,327.8
630,1970-04-25,328.5
631,1970-05-02,327.9
632,1970-05-09,327.5
633,1970-05-16,328.0
634,1970-05-23,328.3
635,1970-05-30,327.9
636,1970-06-06,327.5
637,1970-06-13,327.8
638,1970-06-20,327.7
639,1970-06-27,327.2
640,1970-07-04,327.2
641,1970-07-11,326.2
642,1970-07-18,326.2
643,1970-07-25,325.6
644,1970-08-01,325.2
645,1970-08-08,325.2
646,1970-08-15,324.8
647,1970-08-22,324.8
648,1970-08-29,323.3
649,1970-09-05,322.9
650,1970-09-12,323.5
651,1970-09-19,323.1
652,1970-09-26,323.1
653,1970-10-03,323.2
654,1970-10-10,323.5
655,1970-10-17,322.9
656,1970-10-24,323.0
657,1970-10-31,323.1
658,1970-11-07,323.6
659,1970-11-14,323.7
660,1970-11-21,324.2
661,1970-11-28,324.7
662,1970-12-05,324.7
663,1970-12-12,325.0
664,1970-12-19,325.2
665,1970-12-26,325.5
666,1971-01-02,325.7
667,1971-01-09,325.8
668,1971-01-16,325.9
669,1971-01-23,326.7
670,1971-01-30,326.6
671,1971-02-06,326.5
672,1971-02-13,326.4
673,1971-02-20,326.7
674,1971-02-27,327.0
675,1971-03-06,327.1
676,1971-03-13,327.3
677,1971-03-20,327.0
678,1971-03-27,327.4
679,1971-04-03,327.4
680,1971-04-10,327.1
681,1971-04-17,327.7
682,1971-04-24,328.5
683,1971-05-01,328.2
684,1971-05-08,329.0
685,1971-05-15,329.2
686,1971-05-22,328.9
687,1971-05-29,328.8
688,1971-06-05,328.5
689,1971-06-12,328.8
690,1971-06-19,328.1
691,1971-06-26,328.5
692,1971-07-03,327.9
693,1971-07-10,327.8
694,1971-07-17,327.5
695,1971-07-24,326.2
696,1971-07-31,326.7
697,1971-08-07,326.1
698,1971-08-14,325.6
699,1971-08-21,325.3
700,1971-08-28,324.0
701,1971-09-04,323.6
702,1971-09-11,323.5
703,1971-09-18,323.2
704,1971-09-25,323.3
705,1971-10-02,323.3
706,1971-10-09,322.9
707,1971-10-16,323.5
708,1971-10-23,323.6
709,1971-10-30,324.4
710,1971-11-06,324.3
711,1971-11-13,324.5
712,1971-11-20,325.0
713,1971-11-27,325.5
714,1971-12-04,325.3
715,1971-12-11,325.9
716,1971-12-18,326.2
717,1971-12-25,326.3
718,1972-01-01,326.6
719,1972-01-08,326.6
720,1972-01-15,326.6
721,1972-01-22,326.6
722,1972-01-29,327.2
723,1972-02-05,327.4
724,1972-02-12,327.9
725,1972-02-19,327.8
726,1972-02-26,327.4
727,1972-03-04,327.5
728,1972-03-11,327.1
729,1972-03-18,327.7
730,1972-03-25,328.6
731,1972-04-01,328.9
732,1972-04-08,329.4
733,1972-04-15,329.8
734,1972-04-22,330.1
735,1972-04-29,330.0
736,1972-05-06,330.0
737,1972-05-13,329.7
738,1972-05-20,330.1
739,1972-05-27,330.2
740,1972-06-03,329.7
741,1972-06-10,329.1
742,1972-06-17,329.0
743,1972-06-24,328.5
744,1972-07-01,328.6
745,1972-07-08,328.3
746,1972-07-15,327.7
747,1972-07-22,328.1
748,1972-07-29,327.5
749,1972-08-05,326.9
750,1972-08-12,326.6
751,1972-08-19,326.5
752,1972-08-26,325.0
753,1972-09-02,325.4
754,1972-09-09,325.7
755,1972-09-16,324.8
756,1972-09-23,324.2
757,1972-09-30,324.2
758,1972-10-07,324.8
759,1972-10-14,325.5
760,1972-10-21,325.1
761,1972-10-28,325.8
762,1972-11-04,326.3
763,1972-11-11,326.1
764,1972-11-18,326.4
765,1972-11-25,326.9
766,1972-12-02,326.9
767,1972-12-09,327.1
768,1972-12-16,327.6
769,1972-12-23,327.9
770,1972-12-30,328.2
771,1973-01-06,328.4
772,1973-01-13,328.4
773,1973-01-20,328.6
774,1973-01-27,328.8
775,1973-02-03,329.1
776,1973-02-10,329.5
777,1973-02-17,329.6
778,1973-02-24,329.7
779,1973-03-03,329.9
780,1973-03-10,330.1
781,1973-03-17,330.5
782,1973-03-24,330.8
783,1973-03-31,330.6
784,1973-04-07,331.2
785,1973-04-14,331.1
786,1973-04-21,331.9
787,1973-04-28,332.1
788,1973-05-05,332.2
789,1973-05-12,332.3
790,1973-05-19,332.6
791,1973-05-26,332.5
792,1973-06-02,332.2
793,1973-06-09,332.5
794,1973-06-16,332.0
795,1973-06-23,331.6
796,1973-06-30,331.4
797,1973-07-07,331.5
798,1973-07-14,331.0
799,1973-07-21,330.0
800,1973-07-28,330.1
801,1973-08-04,330.0
802,1973-08-11,329.5
803,1973-08-18,329.3
804,1973-08-25,328.5
805,1973-09-01,328.4
806,1973-09-08,327.6
807,1973-09-15,327.8
808,1973-09-22,327.1
809,1973-09-29,326.6
810,1973-10-06,327.0
811,1973-10-13,327.4
812,1973-10-20,327.4
813,1973-10-27,327.1
814,1973-11-03,327.5
815,1973-11-10,328.0
816,1973-11-17,328.2
817,1973-11-24,328.5
818,1973-12-01,329.0
819,1973-12-08,328.7
820,1973-12-15,328.6
821,1973-12-22,328.2
822,1973-12-29,328.7
823,1974-01-05,328.9
824,1974-01-12,329.2
825,1974-01-19,329.4
826,1974-01-26,329.8
827,1974-02-02,330.5
828,1974-02-09,330.8
829,1974-02-16,330.6
830,1974-02-23,330.6
831,1974-03-02,330.7
832,1974-03-09,331.2
833,1974-03-16,332.1
834,1974-03-23,332.0
835,1974-03-30,331.5
836,1974-04-06,332.4
837,1974-04-13,332.1
838,1974-04-20,332.9
839,1974-04-27,333.1
840,1974-05-04,332.9
841,1974-05-11,333.0
842,1974-05-18,333.2
843,1974-05-25,332.8
844,1974-06-01,332.9
845,1974-06-08,332.0
846,1974-06-15,332.0
847,1974-06-22,332.2
848,1974-06-29,331.7
849,1974-07-06,331.7
850,1974-07-13,331.2
851,1974-07-20,330.4
852,1974-07-27,331.0
853,1974-08-03,330.0
854,1974-08-10,329.9
855,1974-08-17,329.2
856,1974-08-24,328.9
857,1974-08-31,328.1
858,1974-09-07,328.0
859,1974-09-14,327.3
860,1974-09-21,326.9
861,1974-09-28,327.3
862,1974-10-05,327.3
863,1974-10-12,327.0
864,1974-10-19,327.5
865,1974-10-26,327.7
866,1974-11-02,327.9
867,1974-11-09,328.0
868,1974-11-16,328.8
869,1974-11-23,328.6
870,1974-11-30,328.7
871,1974-12-07,329.5
872,1974-12-14,329.7
873,1974-12-21,329.8
874,1974-12-28,329.7
875,1975-01-04,329.9
876,1975-01-11,329.8
877,1975-01-18,330.2
878,1975-01-25,331.1
879,1975-02-01,331.1
880,1975-02-08,331.4
881,1975-02-15,331.0
882,1975-02-22,331.7
883,1975-03-01,331.8
884,1975-03-08,331.6
885,1975-03-15,331.9
886,1975-03-22,332.2
887,1975-03-29,332.5
888,1975-04-05,333.0
889,1975-04-12,333.5
890,1975-04-19,333.5
891,1975-04-26,333.1
892,1975-05-03,333.9
893,1975-05-10,333.9
894,1975-05-17,333.7
895,1975-05-24,333.7
896,1975-05-31,334.1
897,1975-06-07,333.8
898,1975-06-14,333.3
899,1975-06-21,333.4
900,1975-06-28,333.1
901,1975-07-05,332.7
902,1975-07-12,332.0
903,1975-07-19,331.0
904,1975-07-26,331.5
905,1975-08-02,330.8
906,1975-08-09,330.7
907,1975-08-16,330.3
908,1975-08-23,329.3
909,1975-08-30,328.8
910,1975-09-06,329.4
911,1975-09-13,328.5
912,1975-09-20,328.0
913,1975-09-27,328.2
914,1975-10-04,328.0
915,1975-10-11,328.0
916,1975-10-18,328.5
917,1975-10-25,328.8
918,1975-11-01,329.3
919,1975-11-08,329.2
920,1975-11-15,329.1
921,1975-11-22,329.5
922,1975-11-29,330.1
923,1975-12-06,330.3
924,1975-12-13,330.5
925,1975-12-20,331.1
926,1975-12-27,331.2
927,1976-01-03,331.5
928,1976-01-10,331.5
929,1976-01-17,331.7
930,1976-01-24,331.8
931,1976-01-31,332.2
932,1976-02-07,332.1
933,1976-02-14,332.5
934,1976-02-21,333.2
935,1976-02-28,332.4
936,1976-03-06,332.8
937,1976-03-13,333.6
938,1976-03-20,333.1
939,1976-03-27,334.3
940,1976-04-03,334.7
941,1976-04-10,334.2
942,1976-04-17,334.4
943,1976-04-24,334.5
944,1976-05-01,334.7
945,1976-05-08,334.3
946,1976-05-15,334.6
947,1976-05-22,335.4
948,1976-05-29,334.8
949,1976-06-05,334.3
950,1976-06-12,334.6
951,1976-06-19,334.3
952,1976-06-26,
953,1976-07-03,333.6
954,1976-07-10,333.4
955,1976-07-17,332.8
956,1976-07-24,332.4
957,1976-07-31,332.1
958,1976-08-07,331.7
959,1976-08-14,330.6
960,1976-08-21,330.6
961,1976-08-28,330.0
962,1976-09-04,329.7
963,1976-09-11,330.0
964,1976-09-18,329.3
965,1976-09-25,328.4
966,1976-10-02,328.8
967,1976-10-09,329.0
968,1976-10-16,329.6
969,1976-10-23,329.1
970,1976-10-30,329.0
971,1976-11-06,329.8
972,1976-11-13,330.4
973,1976-11-20,330.5
974,1976-11-27,330.7
975,1976-12-04,331.1
976,1976-12-11,331.3
977,1976-12-18,331.9
978,1976-12-25,332.2
979,1977-01-01,332.5
980,1977-01-08,332.4
981,1977-01-15,333.1
982,1977-01-22,333.2
983,1977-01-29,333.2
984,1977-02-05,333.4
985,1977-02-12,333.3
986,1977-02-19,333.4
987,1977-02-26,333.6
988,1977-03-05,334.1
989,1977-03-12,334.6
990,1977-03-19,335.1
991,1977-03-26,335.0
992,1977-04-02,335.5
993,1977-04-09,335.9
994,1977-04-16,336.0
995,1977-04-23,336.1
996,1977-04-30,336.7
997,1977-05-07,336.8
998,1977-05-14,336.4
999,1977-05-21,336.8
1000,1977-05-28,336.7
1001,1977-06-04,336.4
1002,1977-06-11,336.3
1003,1977-06-18,336.1
1004,1977-06-25,336.0
1005,1977-07-02,335.5
1006,1977-07-09,335.1
1007,1977-07-16,335.1
1008,1977-07-23,334.6
1009,1977-07-30,333.7
1010,1977-08-06,333.0
1011,1977-08-13,332.9
1012,1977-08-20,332.8
1013,1977-08-27,332.8
1014,1977-09-03,332.1
1015,1977-09-10,331.2
1016,1977-09-17,332.1
1017,1977-09-24,330.9
1018,1977-10-01,330.4
1019,1977-10-08,330.9
1020,1977-10-15,331.5
1021,1977-10-22,331.5
1022,1977-10-29,331.7
1023,1977-11-05,332.1
1024,1977-11-12,332.0
1025,1977-11-19,332.5
1026,1977-11-26,332.8
1027,1977-12-03,333.2
1028,1977-12-10,333.5
1029,1977-12-17,333.8
1030,1977-12-24,334.2
1031,1977-12-31,334.6
1032,1978-01-07,334.2
1033,1978-01-14,334.6
1034,1978-01-21,335.4
1035,1978-01-28,335.9
1036,1978-02-04,335.0
1037,1978-02-11,335.1
1038,1978-02-18,335.6
1039,1978-02-25,335.7
1040,1978-03-04,336.2
1041,1978-03-11,336.1
1042,1978-03-18,336.8
1043,1978-03-25,337.3
1044,1978-04-01,337.0
1045,1978-04-08,337.9
1046,1978-04-15,337.9
1047,1978-04-22,337.4
1048,1978-04-29,338.0
1049,1978-05-06,338.0
1050,1978-05-13,338.1
1051,1978-05-20,337.8
1052,1978-05-27,337.9
1053,1978-06-03,338.4
1054,1978-06-10,338.2
1055,1978-06-17,337.8
1056,1978-06-24,337.3
1057,1978-07-01,337.6
1058,1978-07-08,336.7
1059,1978-07-15,336.7
1060,1978-07-22,335.9
1061,1978-07-29,335.6
1062,1978-08-05,335.1
1063,1978-08-12,334.8
1064,1978-08-19,334.4
1065,1978-08-26,334.3
1066,1978-09-02,333.8
1067,1978-09-09,332.8
1068,1978-09-16,332.1
1069,1978-09-23,332.3
1070,1978-09-30,332.7
1071,1978-10-07,332.1
1072,1978-10-14,332.4
1073,1978-10-21,333.0
1074,1978-10-28,333.1
1075,1978-11-04,333.5
1076,1978-11-11,333.8
1077,1978-11-18,333.8
1078,1978-11-25,334.2
1079,1978-12-02,334.5
1080,1978-12-09,334.8
1081,1978-12-16,335.1
1082,1978-12-23,335.1
1083,1978-12-30,335.3
1084,1979-01-06,335.3
1085,1979-01-13,335.9
1086,1979-01-20,336.8
1087,1979-01-27,336.9
1088,1979-02-03,336.9
1089,1979-02-10,336.5
1090,1979-02-17,336.7
1091,1979-02-24,336.7
1092,1979-03-03,337.1
1093,1979-03-10,337.7
1094,1979-03-17,337.4
1095,1979-03-24,339.0
1096,1979-03-31,338.8
1097,1979-04-07,338.1
1098,1979-04-14,338.6
1099,1979-04-21,339.2
1100,1979-04-28,339.6
1101,1979-05-05,339.3
1102,1979-05-12,338.8
1103,1979-05-19,339.8
1104,1979-05-26,339.6
1105,1979-06-02,339.9
1106,1979-06-09,339.5
1107,1979-06-16,338.9
1108,1979-06-23,338.9
1109,1979-06-30,339.0
1110,1979-07-07,338.2
1111,1979-07-14,337.8
1112,1979-07-21,337.3
1113,1979-07-28,336.8
1114,1979-08-04,337.0
1115,1979-08-11,336.5
1116,1979-08-18,336.1
1117,1979-08-25,334.5
1118,1979-09-01,334.4
1119,1979-09-08,334.0
1120,1979-09-15,334.2
1121,1979-09-22,333.2
1122,1979-09-29,334.1
1123,1979-10-06,334.1
1124,1979-10-13,333.9
1125,1979-10-20,333.7
1126,1979-10-27,334.1
1127,1979-11-03,334.7
1128,1979-11-10,334.8
1129,1979-11-17,335.5
1130,1979-11-24,335.6
1131,1979-12-01,335.9
1132,1979-12-08,336.5
1133,1979-12-15,336.7
1134,1979-12-22,336.8
1135,1979-12-29,337.4
1136,1980-01-05,337.6
1137,1980-01-12,337.4
1138,1980-01-19,338.3
1139,1980-01-26,338.4
1140,1980-02-02,338.0
1141,1980-02-09,338.1
1142,1980-02-16,338.6
1143,1980-02-23,338.2
1144,1980-03-01,339.3
1145,1980-03-08,339.5
1146,1980-03-15,340.0
1147,1980-03-22,340.5
1148,1980-03-29,341.0
1149,1980-04-05,340.4
1150,1980-04-12,340.9
1151,1980-04-19,340.7
1152,1980-04-26,341.0
1153,1980-05-03,341.5
1154,1980-05-10,341.3
1155,1980-05-17,341.3
1156,1980-05-24,340.9
1157,1980-05-31,341.7
1158,1980-06-07,341.3
1159,1980-06-14,341.3
1160,1980-06-21,340.8
1161,1980-06-28,340.4
1162,1980-07-05,340.4
1163,1980-07-12,339.7
1164,1980-07-19,338.5
1165,1980-07-26,338.9
1166,1980-08-02,337.9
1167,1980-08-09,337.7
1168,1980-08-16,337.7
1169,1980-08-23,337.7
1170,1980-08-30,337.0
1171,1980-09-06,336.6
1172,1980-09-13,335.7
1173,1980-09-20,335.2
1174,1980-09-27,336.0
1175,1980-10-04,335.8
1176,1980-10-11,335.8
1177,1980-10-18,336.1
1178,1980-10-25,336.4
1179,1980-11-01,336.6
1180,1980-11-08,336.9
1181,1980-11-15,337.1
1182,1980-11-22,337.3
1183,1980-11-29,337.4
1184,1980-12-06,337.7
1185,1980-12-13,338.1
1186,1980-12-20,338.3
1187,1980-12-27,338.7
1188,1981-01-03,338.9
1189,1981-01-10,339.1
1190,1981-01-17,339.3
1191,1981-01-24,339.3
1192,1981-01-31,339.5
1193,1981-02-07,340.5
1194,1981-02-14,340.0
1195,1981-02-21,340.2
1196,1981-02-28,341.1
1197,1981-03-07,340.7
1198,1981-03-14,341.0
1199,1981-03-21,341.8
1200,1981-03-28,342.1
1201,1981-04-04,342.4
1202,1981-04-11,342.4
1203,1981-04-18,342.7
1204,1981-04-25,342.3
1205,1981-05-02,342.9
1206,1981-05-09,343.0
1207,1981-05-16,342.8
1208,1981-05-23,342.7
1209,1981-05-30,342.7
1210,1981-06-06,342.6
1211,1981-06-13,342.5
1212,1981-06-20,341.8
1213,1981-06-27,341.6
1214,1981-07-04,341.0
1215,1981-07-11,340.8
1216,1981-07-18,339.7
1217,1981-07-25,340.2
1218,1981-08-01,339.5
1219,1981-08-08,338.9
1220,1981-08-15,338.4
1221,1981-08-22,337.5
1222,1981-08-29,337.7
1223,1981-09-05,337.2
1224,1981-09-12,337.0
1225,1981-09-19,336.7
1226,1981-09-26,335.9
1227,1981-10-03,336.3
1228,1981-10-10,336.6
1229,1981-10-17,337.1
1230,1981-10-24,337.2
1231,1981-10-31,337.5
1232,1981-11-07,337.8
1233,1981-11-14,338.1
1234,1981-11-21,338.5
1235,1981-11-28,339.3
1236,1981-12-05,339.2
1237,1981-12-12,339.4
1238,1981-12-19,339.6
1239,1981-12-26,340.2
1240,1982-01-02,340.2
1241,1982-01-09,340.3
1242,1982-01-16,340.7
1243,1982-01-23,341.1
1244,1982-01-30,341.2
1245,1982-02-06,341.9
1246,1982-02-13,341.1
1247,1982-02-20,341.1
1248,1982-02-27,342.1
1249,1982-03-06,342.6
1250,1982-03-13,342.6
1251,1982-03-20,342.7
1252,1982-03-27,342.8
1253,1982-04-03,342.9
1254,1982-04-10,343.3
1255,1982-04-17,343.5
1256,1982-04-24,344.2
1257,1982-05-01,343.8
1258,1982-05-08,343.6
1259,1982-05-15,344.2
1260,1982-05-22,344.1
1261,1982-05-29,344.1
1262,1982-06-05,343.4
1263,1982-06-12,343.5
1264,1982-06-19,343.4
1265,1982-06-26,342.9
1266,1982-07-03,342.5
1267,1982-07-10,342.0
1268,1982-07-17,342.0
1269,1982-07-24,341.8
1270,1982-07-31,341.3
1271,1982-08-07,340.5
1272,1982-08-14,340.0
1273,1982-08-21,339.7
1274,1982-08-28,338.3
1275,1982-09-04,338.8
1276,1982-09-11,338.6
1277,1982-09-18,337.8
1278,1982-09-25,336.9
1279,1982-10-02,337.3
1280,1982-10-09,338.0
1281,1982-10-16,337.6
1282,1982-10-23,337.9
1283,1982-10-30,338.7
1284,1982-11-06,338.4
1285,1982-11-13,339.2
1286,1982-11-20,339.7
1287,1982-11-27,339.8
1288,1982-12-04,339.8
1289,1982-12-11,340.4
1290,1982-12-18,340.7
1291,1982-12-25,340.8
1292,1983-01-01,340.9
1293,1983-01-08,341.4
1294,1983-01-15,341.5
1295,1983-01-22,341.2
1296,1983-01-29,341.7
1297,1983-02-05,342.0
1298,1983-02-12,342.7
1299,1983-02-19,342.5
1300,1983-02-26,342.8
1301,1983-03-05,342.3
1302,1983-03-12,342.5
1303,1983-03-19,344.0
1304,1983-03-26,343.8
1305,1983-04-02,344.0
1306,1983-04-09,344.8
1307,1983-04-16,345.0
1308,1983-04-23,345.3
1309,1983-04-30,345.4
1310,1983-05-07,345.4
1311,1983-05-14,345.7
1312,1983-05-21,345.8
1313,1983-05-28,345.7
1314,1983-06-04,345.6
1315,1983-06-11,345.6
1316,1983-06-18,345.0
1317,1983-06-25,344.9
1318,1983-07-02,344.7
1319,1983-07-09,344.5
1320,1983-07-16,343.7
1321,1983-07-23,343.6
1322,1983-07-30,342.6
1323,1983-08-06,343.0
1324,1983-08-13,341.7
1325,1983-08-20,342.1
1326,1983-08-27,341.8
1327,1983-09-03,339.9
1328,1983-09-10,339.9
1329,1983-09-17,339.8
1330,1983-09-24,339.9
1331,1983-10-01,339.8
1332,1983-10-08,339.7
1333,1983-10-15,340.1
1334,1983-10-22,340.2
1335,1983-10-29,340.3
1336,1983-11-05,340.8
1337,1983-11-12,341.0
1338,1983-11-19,341.1
1339,1983-11-26,341.7
1340,1983-12-03,341.8
1341,1983-12-10,342.8
1342,1983-12-17,343.3
1343,1983-12-24,343.6
1344,1983-12-31,343.4
1345,1984-01-07,343.7
1346,1984-01-14,343.4
1347,1984-01-21,343.5
1348,1984-01-28,344.1
1349,1984-02-04,344.3
1350,1984-02-11,344.5
1351,1984-02-18,344.3
1352,1984-02-25,344.6
1353,1984-03-03,344.8
1354,1984-03-10,344.9
1355,1984-03-17,345.4
1356,1984-03-24,345.6
1357,1984-03-31,
1358,1984-04-07,
1359,1984-04-14,
1360,1984-04-21,
1361,1984-04-28,347.4
1362,1984-05-05,347.4
1363,1984-05-12,347.7
1364,1984-05-19,347.3
1365,1984-05-26,347.0
1366,1984-06-02,347.0
1367,1984-06-09,347.0
1368,1984-06-16,346.8
1369,1984-06-23,346.3
1370,1984-06-30,346.2
1371,1984-07-07,345.8
1372,1984-07-14,345.4
1373,1984-07-21,345.2
1374,1984-07-28,344.4
1375,1984-08-04,344.0
1376,1984-08-11,344.1
1377,1984-08-18,343.1
1378,1984-08-25,342.0
1379,1984-09-01,341.6
1380,1984-09-08,340.6
1381,1984-09-15,341.3
1382,1984-09-22,341.3
1383,1984-09-29,340.8
1384,1984-10-06,341.1
1385,1984-10-13,341.3
1386,1984-10-20,341.9
1387,1984-10-27,341.6
1388,1984-11-03,342.0
1389,1984-11-10,342.6
1390,1984-11-17,343.1
1391,1984-11-24,343.7
1392,1984-12-01,343.6
1393,1984-12-08,343.9
1394,1984-12-15,344.2
1395,1984-12-22,344.5
1396,1984-12-29,344.5
1397,1985-01-05,344.7
1398,1985-01-12,345.0
1399,1985-01-19,345.0
1400,1985-01-26,345.0
1401,1985-02-02,345.9
1402,1985-02-09,345.5
1403,1985-02-16,345.8
1404,1985-02-23,346.3
1405,1985-03-02,346.7
1406,1985-03-09,347.1
1407,1985-03-16,347.5
1408,1985-03-23,347.7
1409,1985-03-30,348.2
1410,1985-04-06,348.0
1411,1985-04-13,348.0
1412,1985-04-20,348.5
1413,1985-04-27,348.8
1414,1985-05-04,348.8
1415,1985-05-11,349.3
1416,1985-05-18,349.1
1417,1985-05-25,348.1
1418,1985-06-01,349.0
1419,1985-06-08,348.4
1420,1985-06-15,348.2
1421,1985-06-22,347.9
1422,1985-06-29,347.4
1423,1985-07-06,346.9
1424,1985-07-13,346.8
1425,1985-07-20,346.4
1426,1985-07-27,345.7
1427,1985-08-03,
1428,1985-08-10,344.7
1429,1985-08-17,344.5
1430,1985-08-24,344.3
1431,1985-08-31,343.7
1432,1985-09-07,344.2
1433,1985-09-14,343.3
1434,1985-09-21,342.4
1435,1985-09-28,342.1
1436,1985-10-05,342.4
1437,1985-10-12,342.5
1438,1985-10-19,343.1
1439,1985-10-26,343.2
1440,1985-11-02,343.3
1441,1985-11-09,343.7
1442,1985-11-16,344.2
1443,1985-11-23,344.6
1444,1985-11-30,345.3
1445,1985-12-07,345.3
1446,1985-12-14,345.6
1447,1985-12-21,345.1
1448,1985-12-28,346.3
1449,1986-01-04,346.4
1450,1986-01-11,346.0
1451,1986-01-18,346.2
1452,1986-01-25,346.4
1453,1986-02-01,346.2
1454,1986-02-08,346.8
1455,1986-02-15,347.1
1456,1986-02-22,347.2
1457,1986-03-01,347.0
1458,1986-03-08,346.6
1459,1986-03-15,347.2
1460,1986-03-22,349.1
1461,1986-03-29,348.8
1462,1986-04-05,349.2
1463,1986-04-12,349.4
1464,1986-04-19,349.3
1465,1986-04-26,350.2
1466,1986-05-03,349.9
1467,1986-05-10,350.1
1468,1986-05-17,350.2
1469,1986-05-24,350.1
1470,1986-05-31,350.1
1471,1986-06-07,349.7
1472,1986-06-14,349.5
1473,1986-06-21,349.4
1474,1986-06-28,348.9
1475,1986-07-05,348.6
1476,1986-07-12,347.7
1477,1986-07-19,347.6
1478,1986-07-26,347.4
1479,1986-08-02,346.6
1480,1986-08-09,346.2
1481,1986-08-16,345.5
1482,1986-08-23,345.6
1483,1986-08-30,345.2
1484,1986-09-06,345.0
1485,1986-09-13,345.3
1486,1986-09-20,344.4
1487,1986-09-27,344.5
1488,1986-10-04,343.9
1489,1986-10-11,344.1
1490,1986-10-18,343.9
1491,1986-10-25,344.5
1492,1986-11-01,345.1
1493,1986-11-08,345.3
1494,1986-11-15,345.6
1495,1986-11-22,345.7
1496,1986-11-29,346.4
1497,1986-12-06,346.9
1498,1986-12-13,346.7
1499,1986-12-20,346.9
1500,1986-12-27,347.0
1501,1987-01-03,347.6
1502,1987-01-10,348.3
1503,1987-01-17,348.2
1504,1987-01-24,347.9
1505,1987-01-31,348.0
1506,1987-02-07,347.9
1507,1987-02-14,348.2
1508,1987-02-21,348.5
1509,1987-02-28,349.4
1510,1987-03-07,348.8
1511,1987-03-14,349.2
1512,1987-03-21,349.7
1513,1987-03-28,350.2
1514,1987-04-04,350.8
1515,1987-04-11,350.2
1516,1987-04-18,351.1
1517,1987-04-25,351.3
1518,1987-05-02,351.4
1519,1987-05-09,352.0
1520,1987-05-16,351.7
1521,1987-05-23,351.9
1522,1987-05-30,351.7
1523,1987-06-06,351.6
1524,1987-06-13,351.1
1525,1987-06-20,351.0
1526,1987-06-27,350.9
1527,1987-07-04,349.7
1528,1987-07-11,349.8
1529,1987-07-18,348.8
1530,1987-07-25,349.5
1531,1987-08-01,349.0
1532,1987-08-08,348.1
1533,1987-08-15,348.6
1534,1987-08-22,348.0
1535,1987-08-29,346.7
1536,1987-09-05,347.0
1537,1987-09-12,346.6
1538,1987-09-19,346.2
1539,1987-09-26,345.8
1540,1987-10-03,345.7
1541,1987-10-10,346.3
1542,1987-10-17,346.5
1543,1987-10-24,346.8
1544,1987-10-31,346.9
1545,1987-11-07,347.3
1546,1987-11-14,347.6
1547,1987-11-21,348.1
1548,1987-11-28,348.7
1549,1987-12-05,348.6
1550,1987-12-12,348.8
1551,1987-12-19,349.1
1552,1987-12-26,349.2
1553,1988-01-02,349.7
1554,1988-01-09,350.2
1555,1988-01-16,350.2
1556,1988-01-23,350.7
1557,1988-01-30,351.2
1558,1988-02-06,351.8
1559,1988-02-13,351.3
1560,1988-02-20,351.5
1561,1988-02-27,352.5
1562,1988-03-05,352.8
1563,1988-03-12,351.8
1564,1988-03-19,351.7
1565,1988-03-26,352.2
1566,1988-04-02,353.1
1567,1988-04-09,353.5
1568,1988-04-16,353.1
1569,1988-04-23,354.0
1570,1988-04-30,354.2
1571,1988-05-07,353.7
1572,1988-05-14,354.3
1573,1988-05-21,354.5
1574,1988-05-28,354.2
1575,1988-06-04,354.1
1576,1988-06-11,354.2
1577,1988-06-18,353.6
1578,1988-06-25,353.1
1579,1988-07-02,353.0
1580,1988-07-09,352.5
1581,1988-07-16,352.6
1582,1988-07-23,351.9
1583,1988-07-30,351.1
1584,1988-08-06,350.9
1585,1988-08-13,350.3
1586,1988-08-20,350.4
1587,1988-08-27,349.6
1588,1988-09-03,349.3
1589,1988-09-10,348.7
1590,1988-09-17,348.9
1591,1988-09-24,348.1
1592,1988-10-01,348.8
1593,1988-10-08,348.8
1594,1988-10-15,348.6
1595,1988-10-22,349.4
1596,1988-10-29,349.2
1597,1988-11-05,349.7
1598,1988-11-12,349.8
1599,1988-11-19,350.1
1600,1988-11-26,350.4
1601,1988-12-03,350.5
1602,1988-12-10,351.0
1603,1988-12-17,351.6
1604,1988-12-24,351.3
1605,1988-12-31,352.4
1606,1989-01-07,352.7
1607,1989-01-14,352.9
1608,1989-01-21,352.5
1609,1989-01-28,353.0
1610,1989-02-04,352.8
1611,1989-02-11,352.6
1612,1989-02-18,353.2
1613,1989-02-25,353.4
1614,1989-03-04,353.1
1615,1989-03-11,353.4
1616,1989-03-18,353.5
1617,1989-03-25,354.4
1618,1989-04-01,354.5
1619,1989-04-08,355.0
1620,1989-04-15,355.4
1621,1989-04-22,356.0
1622,1989-04-29,355.9
1623,1989-05-06,355.3
1624,1989-05-13,355.8
1625,1989-05-20,355.6
1626,1989-05-27,355.7
1627,1989-06-03,355.8
1628,1989-06-10,355.0
1629,1989-06-17,354.8
1630,1989-06-24,354.9
1631,1989-07-01,354.5
1632,1989-07-08,354.7
1633,1989-07-15,353.8
1634,1989-07-22,353.1
1635,1989-07-29,353.2
1636,1989-08-05,352.6
1637,1989-08-12,352.2
1638,1989-08-19,351.1
1639,1989-08-26,350.4
1640,1989-09-02,350.7
1641,1989-09-09,350.2
1642,1989-09-16,349.4
1643,1989-09-23,349.3
1644,1989-09-30,349.7
1645,1989-10-07,349.9
1646,1989-10-14,349.7
1647,1989-10-21,350.2
1648,1989-10-28,350.4
1649,1989-11-04,350.6
1650,1989-11-11,351.2
1651,1989-11-18,351.6
1652,1989-11-25,351.4
1653,1989-12-02,352.0
1654,1989-12-09,352.1
1655,1989-12-16,352.4
1656,1989-12-23,352.5
1657,1989-12-30,353.4
1658,1990-01-06,353.4
1659,1990-01-13,353.5
1660,1990-01-20,353.8
1661,1990-01-27,353.9
1662,1990-02-03,354.1
1663,1990-02-10,355.0
1664,1990-02-17,354.8
1665,1990-02-24,354.7
1666,1990-03-03,355.7
1667,1990-03-10,354.9
1668,1990-03-17,355.8
1669,1990-03-24,355.1
1670,1990-03-31,355.9
1671,1990-04-07,356.1
1672,1990-04-14,355.9
1673,1990-04-21,356.6
1674,1990-04-28,356.1
1675,1990-05-05,357.3
1676,1990-05-12,357.0
1677,1990-05-19,356.9
1678,1990-05-26,357.1
1679,1990-06-02,357.0
1680,1990-06-09,356.6
1681,1990-06-16,355.6
1682,1990-06-23,355.5
1683,1990-06-30,355.7
1684,1990-07-07,355.5
1685,1990-07-14,354.0
1686,1990-07-21,354.5
1687,1990-07-28,354.7
1688,1990-08-04,353.5
1689,1990-08-11,353.2
1690,1990-08-18,352.9
1691,1990-08-25,352.0
1692,1990-09-01,350.9
1693,1990-09-08,350.7
1694,1990-09-15,351.3
1695,1990-09-22,350.9
1696,1990-09-29,350.9
1697,1990-10-06,351.1
1698,1990-10-13,351.0
1699,1990-10-20,351.4
1700,1990-10-27,351.4
1701,1990-11-03,352.1
1702,1990-11-10,352.6
1703,1990-11-17,353.0
1704,1990-11-24,353.1
1705,1990-12-01,353.6
1706,1990-12-08,354.0
1707,1990-12-15,353.8
1708,1990-12-22,354.5
1709,1990-12-29,354.8
1710,1991-01-05,354.2
1711,1991-01-12,354.7
1712,1991-01-19,354.8
1713,1991-01-26,355.0
1714,1991-02-02,355.2
1715,1991-02-09,355.2
1716,1991-02-16,356.4
1717,1991-02-23,355.8
1718,1991-03-02,356.4
1719,1991-03-09,357.2
1720,1991-03-16,357.6
1721,1991-03-23,356.9
1722,1991-03-30,357.9
1723,1991-04-06,358.3
1724,1991-04-13,357.8
1725,1991-04-20,359.1
1726,1991-04-27,359.2
1727,1991-05-04,359.1
1728,1991-05-11,358.9
1729,1991-05-18,360.0
1730,1991-05-25,359.0
1731,1991-06-01,358.5
1732,1991-06-08,358.4
1733,1991-06-15,358.2
1734,1991-06-22,358.1
1735,1991-06-29,357.7
1736,1991-07-06,357.2
1737,1991-07-13,356.5
1738,1991-07-20,355.2
1739,1991-07-27,355.3
1740,1991-08-03,354.8
1741,1991-08-10,354.6
1742,1991-08-17,353.7
1743,1991-08-24,353.0
1744,1991-08-31,353.2
1745,1991-09-07,353.0
1746,1991-09-14,352.1
1747,1991-09-21,351.8
1748,1991-09-28,351.6
1749,1991-10-05,351.7
1750,1991-10-12,352.1
1751,1991-10-19,352.5
1752,1991-10-26,352.7
1753,1991-11-02,353.4
1754,1991-11-09,353.7
1755,1991-11-16,353.5
1756,1991-11-23,353.8
1757,1991-11-30,354.3
1758,1991-12-07,354.5
1759,1991-12-14,354.9
1760,1991-12-21,355.2
1761,1991-12-28,355.5
1762,1992-01-04,355.6
1763,1992-01-11,356.0
1764,1992-01-18,356.1
1765,1992-01-25,355.9
1766,1992-02-01,356.0
1767,1992-02-08,356.7
1768,1992-02-15,357.3
1769,1992-02-22,356.9
1770,1992-02-29,356.5
1771,1992-03-07,357.3
1772,1992-03-14,357.8
1773,1992-03-21,358.1
1774,1992-03-28,358.4
1775,1992-04-04,358.5
1776,1992-04-11,358.9
1777,1992-04-18,359.7
1778,1992-04-25,359.2
1779,1992-05-02,359.6
1780,1992-05-09,359.7
1781,1992-05-16,358.6
1782,1992-05-23,359.6
1783,1992-05-30,360.2
1784,1992-06-06,360.0
1785,1992-06-13,359.4
1786,1992-06-20,358.7
1787,1992-06-27,358.4
1788,1992-07-04,358.4
1789,1992-07-11,357.2
1790,1992-07-18,356.3
1791,1992-07-25,356.1
1792,1992-08-01,354.9
1793,1992-08-08,355.3
1794,1992-08-15,355.3
1795,1992-08-22,354.5
1796,1992-08-29,354.3
1797,1992-09-05,353.5
1798,1992-09-12,353.6
1799,1992-09-19,352.3
1800,1992-09-26,352.7
1801,1992-10-03,353.6
1802,1992-10-10,353.3
1803,1992-10-17,353.2
1804,1992-10-24,353.5
1805,1992-10-31,353.5
1806,1992-11-07,353.9
1807,1992-11-14,353.8
1808,1992-11-21,354.5
1809,1992-11-28,354.6
1810,1992-12-05,354.8
1811,1992-12-12,355.3
1812,1992-12-19,355.4
1813,1992-12-26,355.9
1814,1993-01-02,356.2
1815,1993-01-09,356.9
1816,1993-01-16,356.7
1817,1993-01-23,356.6
1818,1993-01-30,357.0
1819,1993-02-06,356.6
1820,1993-02-13,357.2
1821,1993-02-20,357.3
1822,1993-02-27,357.6
1823,1993-03-06,358.3
1824,1993-03-13,358.5
1825,1993-03-20,358.1
1826,1993-03-27,358.8
1827,1993-04-03,359.1
1828,1993-04-10,358.8
1829,1993-04-17,359.4
1830,1993-04-24,360.0
1831,1993-05-01,359.6
1832,1993-05-08,359.7
1833,1993-05-15,360.7
1834,1993-05-22,360.6
1835,1993-05-29,360.3
1836,1993-06-05,359.7
1837,1993-06-12,359.9
1838,1993-06-19,359.3
1839,1993-06-26,359.1
1840,1993-07-03,357.9
1841,1993-07-10,358.0
1842,1993-07-17,358.1
1843,1993-07-24,356.6
1844,1993-07-31,356.5
1845,1993-08-07,355.8
1846,1993-08-14,355.9
1847,1993-08-21,354.9
1848,1993-08-28,354.7
1849,1993-09-04,354.3
1850,1993-09-11,353.2
1851,1993-09-18,353.8
1852,1993-09-25,353.8
1853,1993-10-02,353.8
1854,1993-10-09,353.8
1855,1993-10-16,354.0
1856,1993-10-23,354.4
1857,1993-10-30,354.3
1858,1993-11-06,354.7
1859,1993-11-13,355.1
1860,1993-11-20,355.6
1861,1993-11-27,356.0
1862,1993-12-04,356.2
1863,1993-12-11,356.5
1864,1993-12-18,356.9
1865,1993-12-25,357.5
1866,1994-01-01,358.1
1867,1994-01-08,358.1
1868,1994-01-15,358.4
1869,1994-01-22,358.3
1870,1994-01-29,358.7
1871,1994-02-05,358.4
1872,1994-02-12,358.6
1873,1994-02-19,359.0
1874,1994-02-26,359.6
1875,1994-03-05,358.7
1876,1994-03-12,359.8
1877,1994-03-19,360.4
1878,1994-03-26,360.8
1879,1994-04-02,360.6
1880,1994-04-09,361.0
1881,1994-04-16,361.0
1882,1994-04-23,361.3
1883,1994-04-30,362.2
1884,1994-05-07,361.6
1885,1994-05-14,361.4
1886,1994-05-21,361.7
1887,1994-05-28,361.9
1888,1994-06-04,361.0
1889,1994-06-11,361.0
1890,1994-06-18,360.9
1891,1994-06-25,360.7
1892,1994-07-02,360.2
1893,1994-07-09,359.9
1894,1994-07-16,359.4
1895,1994-07-23,359.0
1896,1994-07-30,358.8
1897,1994-08-06,358.1
1898,1994-08-13,357.5
1899,1994-08-20,357.6
1900,1994-08-27,356.3
1901,1994-09-03,356.4
1902,1994-09-10,356.4
1903,1994-09-17,355.4
1904,1994-09-24,355.5
1905,1994-10-01,355.4
1906,1994-10-08,355.8
1907,1994-10-15,356.0
1908,1994-10-22,356.3
1909,1994-10-29,356.6
1910,1994-11-05,356.9
1911,1994-11-12,357.4
1912,1994-11-19,357.9
1913,1994-11-26,358.1
1914,1994-12-03,358.4
1915,1994-12-10,359.1
1916,1994-12-17,359.2
1917,1994-12-24,359.1
1918,1994-12-31,359.5
1919,1995-01-07,359.6
1920,1995-01-14,360.2
1921,1995-01-21,360.1
1922,1995-01-28,360.0
1923,1995-02-04,360.6
1924,1995-02-11,361.0
1925,1995-02-18,360.8
1926,1995-02-25,361.3
1927,1995-03-04,362.2
1928,1995-03-11,361.2
1929,1995-03-18,360.9
1930,1995-03-25,362.0
1931,1995-04-01,363.8
1932,1995-04-08,363.4
1933,1995-04-15,363.3
1934,1995-04-22,362.8
1935,1995-04-29,363.5
1936,1995-05-06,363.2
1937,1995-05-13,364.1
1938,1995-05-20,364.1
1939,1995-05-27,363.4
1940,1995-06-03,363.9
1941,1995-06-10,363.4
1942,1995-06-17,362.9
1943,1995-06-24,362.8
1944,1995-07-01,362.5
1945,1995-07-08,362.2
1946,1995-07-15,361.9
1947,1995-07-22,361.5
1948,1995-07-29,360.9
1949,1995-08-05,360.4
1950,1995-08-12,359.2
1951,1995-08-19,358.7
1952,1995-08-26,359.2
1953,1995-09-02,357.3
1954,1995-09-09,358.5
1955,1995-09-16,358.5
1956,1995-09-23,358.2
1957,1995-09-30,357.5
1958,1995-10-07,357.6
1959,1995-10-14,357.6
1960,1995-10-21,358.0
1961,1995-10-28,358.2
1962,1995-11-04,359.1
1963,1995-11-11,359.4
1964,1995-11-18,359.6
1965,1995-11-25,359.8
1966,1995-12-02,360.1
1967,1995-12-09,360.4
1968,1995-12-16,360.5
1969,1995-12-23,360.8
1970,1995-12-30,361.7
1971,1996-01-06,361.8
1972,1996-01-13,362.0
1973,1996-01-20,362.1
1974,1996-01-27,362.2
1975,1996-02-03,362.6
1976,1996-02-10,363.1
1977,1996-02-17,363.0
1978,1996-02-24,364.0
1979,1996-03-02,363.8
1980,1996-03-09,363.6
1981,1996-03-16,364.1
1982,1996-03-23,364.5
1983,1996-03-30,364.3
1984,1996-04-06,364.5
1985,1996-04-13,364.8
1986,1996-04-20,364.4
1987,1996-04-27,365.1
1988,1996-05-04,364.9
1989,1996-05-11,365.3
1990,1996-05-18,365.7
1991,1996-05-25,365.4
1992,1996-06-01,364.8
1993,1996-06-08,365.1
1994,1996-06-15,365.2
1995,1996-06-22,365.0
1996,1996-06-29,364.3
1997,1996-07-06,364.1
1998,1996-07-13,363.7
1999,1996-07-20,363.3
2000,1996-07-27,362.8
2001,1996-08-03,361.7
2002,1996-08-10,362.1
2003,1996-08-17,361.2
2004,1996-08-24,360.8
2005,1996-08-31,360.8
2006,1996-09-07,359.8
2007,1996-09-14,359.8
2008,1996-09-21,359.0
2009,1996-09-28,359.0
2010,1996-10-05,359.4
2011,1996-10-12,359.5
2012,1996-10-19,359.8
2013,1996-10-26,359.8
2014,1996-11-02,359.9
2015,1996-11-09,360.5
2016,1996-11-16,360.7
2017,1996-11-23,361.2
2018,1996-11-30,361.4
2019,1996-12-07,361.9
2020,1996-12-14,362.6
2021,1996-12-21,362.4
2022,1996-12-28,362.6
2023,1997-01-04,362.9
2024,1997-01-11,363.0
2025,1997-01-18,363.1
2026,1997-01-25,363.5
2027,1997-02-01,363.2
2028,1997-02-08,364.1
2029,1997-02-15,364.0
2030,1997-02-22,364.2
2031,1997-03-01,364.5
2032,1997-03-08,364.1
2033,1997-03-15,364.1
2034,1997-03-22,364.7
2035,1997-03-29,365.4
2036,1997-04-05,365.8
2037,1997-04-12,366.2
2038,1997-04-19,366.6
2039,1997-04-26,366.7
2040,1997-05-03,366.7
2041,1997-05-10,366.8
2042,1997-05-17,367.0
2043,1997-05-24,366.6
2044,1997-05-31,366.3
2045,1997-06-07,365.7
2046,1997-06-14,365.6
2047,1997-06-21,365.5
2048,1997-06-28,365.1
2049,1997-07-05,365.0
2050,1997-07-12,364.6
2051,1997-07-19,364.1
2052,1997-07-26,363.8
2053,1997-08-02,363.3
2054,1997-08-09,363.3
2055,1997-08-16,362.6
2056,1997-08-23,361.5
2057,1997-08-30,361.6
2058,1997-09-06,360.6
2059,1997-09-13,360.2
2060,1997-09-20,360.0
2061,1997-09-27,359.8
2062,1997-10-04,360.5
2063,1997-10-11,360.4
2064,1997-10-18,361.0
2065,1997-10-25,361.1
2066,1997-11-01,361.7
2067,1997-11-08,362.1
2068,1997-11-15,362.0
2069,1997-11-22,362.6
2070,1997-11-29,363.5
2071,1997-12-06,363.9
2072,1997-12-13,363.9
2073,1997-12-20,364.2
2074,1997-12-27,365.0
2075,1998-01-03,365.2
2076,1998-01-10,365.3
2077,1998-01-17,365.3
2078,1998-01-24,365.3
2079,1998-01-31,365.6
2080,1998-02-07,366.0
2081,1998-02-14,365.5
2082,1998-02-21,366.0
2083,1998-02-28,367.3
2084,1998-03-07,367.0
2085,1998-03-14,366.6
2086,1998-03-21,367.4
2087,1998-03-28,368.5
2088,1998-04-04,368.6
2089,1998-04-11,368.6
2090,1998-04-18,368.0
2091,1998-04-25,368.9
2092,1998-05-02,369.1
2093,1998-05-09,368.8
2094,1998-05-16,368.5
2095,1998-05-23,369.6
2096,1998-05-30,369.7
2097,1998-06-06,369.4
2098,1998-06-13,368.8
2099,1998-06-20,368.5
2100,1998-06-27,368.3
2101,1998-07-04,368.0
2102,1998-07-11,367.5
2103,1998-07-18,367.6
2104,1998-07-25,367.3
2105,1998-08-01,366.8
2106,1998-08-08,366.4
2107,1998-08-15,365.6
2108,1998-08-22,365.6
2109,1998-08-29,364.2
2110,1998-09-05,364.7
2111,1998-09-12,363.9
2112,1998-09-19,363.5
2113,1998-09-26,363.6
2114,1998-10-03,364.0
2115,1998-10-10,364.1
2116,1998-10-17,364.4
2117,1998-10-24,364.4
2118,1998-10-31,364.7
2119,1998-11-07,365.0
2120,1998-11-14,365.4
2121,1998-11-21,365.8
2122,1998-11-28,366.0
2123,1998-12-05,366.4
2124,1998-12-12,366.7
2125,1998-12-19,367.3
2126,1998-12-26,367.3
2127,1999-01-02,367.5
2128,1999-01-09,367.8
2129,1999-01-16,367.8
2130,1999-01-23,368.3
2131,1999-01-30,369.2
2132,1999-02-06,369.1
2133,1999-02-13,368.8
2134,1999-02-20,369.0
2135,1999-02-27,368.5
2136,1999-03-06,368.1
2137,1999-03-13,369.5
2138,1999-03-20,370.2
2139,1999-03-27,370.6
2140,1999-04-03,371.1
2141,1999-04-10,371.5
2142,1999-04-17,371.0
2143,1999-04-24,370.3
2144,1999-05-01,370.8
2145,1999-05-08,371.3
2146,1999-05-15,371.0
2147,1999-05-22,370.8
2148,1999-05-29,370.3
2149,1999-06-05,370.9
2150,1999-06-12,370.3
2151,1999-06-19,369.9
2152,1999-06-26,369.9
2153,1999-07-03,369.4
2154,1999-07-10,370.1
2155,1999-07-17,369.5
2156,1999-07-24,368.6
2157,1999-07-31,367.4
2158,1999-08-07,367.6
2159,1999-08-14,366.7
2160,1999-08-21,366.4
2161,1999-08-28,366.1
2162,1999-09-04,364.1
2163,1999-09-11,364.7
2164,1999-09-18,365.2
2165,1999-09-25,364.7
2166,1999-10-02,364.5
2167,1999-10-09,365.0
2168,1999-10-16,364.9
2169,1999-10-23,365.6
2170,1999-10-30,365.7
2171,1999-11-06,366.2
2172,1999-11-13,366.7
2173,1999-11-20,366.6
2174,1999-11-27,367.1
2175,1999-12-04,367.4
2176,1999-12-11,368.0
2177,1999-12-18,368.0
2178,1999-12-25,368.2
2179,2000-01-01,368.6
2180,2000-01-08,368.5
2181,2000-01-15,369.0
2182,2000-01-22,369.8
2183,2000-01-29,369.2
2184,2000-02-05,369.1
2185,2000-02-12,369.6
2186,2000-02-19,369.3
2187,2000-02-26,369.5
2188,2000-03-04,370.0
2189,2000-03-11,370.0
2190,2000-03-18,370.9
2191,2000-03-25,370.7
2192,2000-04-01,370.9
2193,2000-04-08,371.7
2194,2000-04-15,371.8
2195,2000-04-22,372.0
2196,2000-04-29,371.3
2197,2000-05-06,371.2
2198,2000-05-13,371.7
2199,2000-05-20,371.9
2200,2000-05-27,371.8
2201,2000-06-03,371.9
2202,2000-06-10,371.6
2203,2000-06-17,371.7
2204,2000-06-24,371.3
2205,2000-07-01,370.8
2206,2000-07-08,370.0
2207,2000-07-15,370.2
2208,2000-07-22,369.7
2209,2000-07-29,369.0
2210,2000-08-05,368.7
2211,2000-08-12,368.3
2212,2000-08-19,367.7
2213,2000-08-26,367.1
2214,2000-09-02,367.2
2215,2000-09-09,366.7
2216,2000-09-16,366.2
2217,2000-09-23,366.2
2218,2000-09-30,366.4
2219,2000-10-07,366.3
2220,2000-10-14,366.6
2221,2000-10-21,366.7
2222,2000-10-28,367.3
2223,2000-11-04,367.6
2224,2000-11-11,368.0
2225,2000-11-18,368.6
2226,2000-11-25,368.3
2227,2000-12-02,369.0
2228,2000-12-09,369.6
2229,2000-12-16,369.3
2230,2000-12-23,369.5
2231,2000-12-30,369.8
2232,2001-01-06,369.8
2233,2001-01-13,370.2
2234,2001-01-20,369.9
2235,2001-01-27,370.8
2236,2001-02-03,371.3
2237,2001-02-10,371.1
2238,2001-02-17,371.7
2239,2001-02-24,371.2
2240,2001-03-03,372.2
2241,2001-03-10,372.2
2242,2001-03-17,372.1
2243,2001-03-24,371.8
2244,2001-03-31,372.0
2245,2001-04-07,372.7
2246,2001-04-14,372.7
2247,2001-04-21,373.0
2248,2001-04-28,372.7
2249,2001-05-05,373.7
2250,2001-05-12,373.9
2251,2001-05-19,373.7
2252,2001-05-26,373.9
2253,2001-06-02,373.8
2254,2001-06-09,373.1
2255,2001-06-16,372.8
2256,2001-06-23,372.9
2257,2001-06-30,372.7
2258,2001-07-07,372.1
2259,2001-07-14,371.3
2260,2001-07-21,371.2
2261,2001-07-28,370.6
2262,2001-08-04,369.9
2263,2001-08-11,369.5
2264,2001-08-18,369.3
2265,2001-08-25,369.0
2266,2001-09-01,368.4
2267,2001-09-08,368.2
2268,2001-09-15,368.0
2269,2001-09-22,367.4
2270,2001-09-29,367.4
2271,2001-10-06,367.8
2272,2001-10-13,367.6
2273,2001-10-20,368.1
2274,2001-10-27,368.7
2275,2001-11-03,368.7
2276,2001-11-10,368.8
2277,2001-11-17,369.7
2278,2001-11-24,370.3
2279,2001-12-01,370.3
2280,2001-12-08,370.8
2281,2001-12-15,371.2
2282,2001-12-22,371.3
2283,2001-12-29,371.5
